{
  "AL6": [
    51.836,
    -0.198
  ],
  "CB1": [
    52.189,
    0.152
  ],
  "CB2": [
    52.191,
    0.107
  ],
  "CB22": [
    52.135,
    0.126
  ],
  "CB23": [
    52.212,
    0.012
  ],
  "CB237BZ": [
    52.186,
    0.018
  ],
  "CB237YE": [
    52.207136,
    0.005258
  ],
  "CB24": [
    52.282,
    0.051
  ],
  "CB248RD": [
    52.283341,
    0.120094
  ],
  "CB42HD": [
    52.226232,
    0.11462
  ],
  "CB6": [
    52.399,
    0.259
  ],
  "CM11": [
    51.626,
    0.421
  ],
  "CM12": [
    51.63,
    0.416
  ],
  "CM15": [
    51.65,
    0.307
  ],
  "CM16": [
    51.7,
    0.108
  ],
  "CM22": [
    51.914,
    0.205
  ],
  "CM4": [
    51.676,
    0.377
  ],
  "CM6": [
    51.873,
    0.364
  ],
  "CM7": [
    51.879,
    0.552
  ],
  "CM77": [
    51.879,
    0.544
  ],
  "CO16": [
    51.8,
    1.012
  ],
  "CO7": [
    51.949,
    0.993
  ],
  "CO9": [
    51.946,
    0.641
  ],
  "EN6": [
    51.696,
    -0.177
  ],
  "HP23": [
    51.793,
    -0.652
  ],
  "HP3": [
    51.746,
    -0.474
  ],
  "PE13": [
    52.666,
    0.161
  ],
  "PE16": [
    52.455,
    0.052
  ],
  "PE19": [
    52.23586767722006,
    -0.2629615320463324
  ],
  "PE196SD": [
    52.247604,
    -0.158354
  ],
  "PE27": [
    52.331703520073006,
    -0.07101374817518251
  ],
  "PE28": [
    52.374,
    -0.127
  ],
  "PE29": [
    52.331,
    -0.184
  ],
  "SG1": [
    51.914,
    -0.205
  ],
  "SG14": [
    51.798,
    -0.078
  ],
  "SG19": [
    52.139500517647136,
    -0.2389212176470587
  ],
  "SG3": [
    51.862,
    -0.177
  ],
  "SG5": [
    52.008,
    -0.234
  ],
  "SG6": [
    51.979,
    -0.229
  ],
  "SG8": [
    52.048,
    -0.022
  ],
  "SS1": [
    51.538,
    0.729
  ],
  "SS5": [
    51.601,
    0.654
  ],
  "SS9": [
    51.55,
    0.651
  ],
  "WD3": [
    51.645,
    -0.473
  ],
  "WD6": [
    51.658,
    -0.274
  ]
}